Scenario,Line,FromBus,ToBus,LimitMW,FlowMW,UtilizationPct,Binding
Baseline,L12,1,2,120.0,33.9179104477612,28.264925373134336,False
Baseline,L13,1,3,120.0,46.0820895522388,38.40174129353233,False
Baseline,L23,2,3,100.0,21.38059701492535,21.38059701492535,False
Baseline,L24,2,4,100.0,57.53731343283582,57.53731343283582,False
Baseline,L35,3,5,100.0,57.46268656716418,57.46268656716418,False
Baseline,L45,4,5,100.0,-7.462686567164177,7.462686567164177,False
L24 Limit = 50 MW,L12,1,2,120.0,31.562499999999996,26.302083333333332,False
L24 Limit = 50 MW,L13,1,3,120.0,48.4375,40.36458333333333,False
L24 Limit = 50 MW,L23,2,3,100.0,26.562499999999996,26.562499999999993,False
L24 Limit = 50 MW,L24,2,4,50.0,50.0,100.0,True
L24 Limit = 50 MW,L35,3,5,100.0,49.21875,49.21875,False
L24 Limit = 50 MW,L45,4,5,100.0,0.78125,0.78125,False
